55.0927909,38.7679605,55.0927282,38.7679306,55.0926945,38.7679142,55.0926471,38.767892,55.0921517,38.767656,55.0920403,38.7676036,55.0919122,38.7675419,55.091694,38.7674324,55.0909448,38.7670465
55.0933855,38.7600678,55.0936738,38.7595964,55.0937306,38.7595018,55.0937732,38.7594127,55.0941614,38.7586993,55.0943679,38.7583988,55.0944427,38.7583259,55.0945602,38.7582242,55.0948317,38.7579711
55.0948823,38.7578686,55.0952,38.757267,55.0953942,38.7568992,55.0954715,38.7567897,55.0956755,38.7564973,55.0957959,38.756342,55.0958665,38.7562098,55.0959129,38.7560681,55.0959693,38.7558234
55.0946264,38.7629277,55.0945316,38.7630971,55.0943121,38.7634894,55.0939006,38.7642252,55.0938444,38.7643257,55.0935048,38.7649757,55.093085,38.7657783,55.0930067,38.7659118,55.0929433,38.765996
55.0980099,38.7504792,55.0980003,38.7501817,55.0979671,38.7499321,55.0979047,38.7497518,55.0978247,38.7496196,55.0974963,38.7491033,55.0973498,38.7489027,55.0972619,38.7487927,55.0971118,38.7486893
55.0831425,38.7577014,55.0836786,38.75586,55.0838089,38.755412,55.0838514,38.7553145,55.083905,38.7552438,55.0846629,38.7546449,55.0854069,38.7541242,55.0860561,38.7536675,55.0863667,38.7534765
55.0878418,38.7617192,55.0873105,38.7612488,55.0869093,38.7608936,55.0860761,38.7601591,55.0853699,38.7595618,55.0852953,38.7594917,55.085246,38.7594176,55.0851596,38.7593551,55.0849776,38.7592117
55.0884707,38.78721,55.0879253,38.7891124,55.087609,38.790203,55.0873869,38.790981,55.087257,38.7914382,55.0869455,38.792477,55.0867825,38.7930204,55.086354,38.7944801,55.0862214,38.7949349
55.0985412,38.7753787,55.0985904,38.7754751,55.0986567,38.7756743,55.0986691,38.7757625,55.0987482,38.7766938,55.0987568,38.7767953,55.0987775,38.7770379,55.0988563,38.7778609,55.0989281,38.7785382
55.0948105,38.7730055,55.09475,38.77306,55.0946949,38.7730687,55.0946469,38.7730576,55.0940071,38.7724738,55.0939552,38.7724284,55.0933626,38.7719263,55.0933149,38.7718827,55.0931665,38.771747
55.0850783,38.7941646,55.0845695,38.7937255,55.0840437,38.7932461,55.0840013,38.7932074,55.0827182,38.7920376,55.0826561,38.791981,55.0823053,38.7916612,55.0815751,38.7909956,55.0814028,38.7908384
55.0890941,38.7912867,55.0893762,38.7904369,55.0893999,38.7903654,55.0894148,38.7903093,55.0896287,38.7895026,55.089704,38.7890076,55.0898216,38.7885493,55.0901095,38.7876692,55.0903861,38.7867596
55.0983998,38.7800691,55.0979783,38.7802049,55.0978417,38.7802489,55.0977778,38.7802239,55.0977474,38.7801213,55.0977263,38.7798746,55.0977052,38.7796262,55.0977204,38.7795536,55.097724,38.7795466
55.091676,38.7632158,55.0919988,38.7626074,55.0923119,38.7620291,55.0927018,38.7613093,55.0930312,38.7606797,55.0929679,38.7604914,55.0929411,38.7603421,55.0929598,38.7602641,55.0930054,38.7601889
55.0867996,38.7727311,55.0868915,38.7724238,55.0870316,38.7719898,55.0871505,38.7716765,55.0873304,38.7713339,55.0875212,38.7710177,55.087706,38.7707847,55.0877327,38.7707511,55.0877757,38.770718
55.0882809,38.7704646,55.0884452,38.7703894,55.0886009,38.7703354,55.0887629,38.7703009,55.0889465,38.7703101,55.0891118,38.7703643,55.0893123,38.7704632,55.0895602,38.7705898,55.0896615,38.77058
55.0780095,38.7817003,55.078155,38.7812018,55.0777668,38.7808561,55.0774322,38.780558,55.0773435,38.7804791,55.0772973,38.7804379,55.076699,38.7799051,55.0760578,38.7793353,55.0760081,38.7792856
55.0947003,38.7588564,55.0945972,38.7589453,55.0945467,38.7589563,55.0944922,38.7589954,55.094369,38.7592323,55.0942773,38.7594084,55.0944774,38.7597464,55.0946363,38.7600151,55.0948952,38.7595227
55.076175,38.8004377,55.0761937,38.7998843,55.0762012,38.7996623,55.0762031,38.7996056,55.0762176,38.7991752,55.0762216,38.7990008,55.0762116,38.7988414,55.0761927,38.798632,55.0760796,38.7978614
55.0771451,38.7524779,55.0768876,38.752338,55.0758224,38.7518286,55.0757779,38.7518011,55.0747404,38.7512663,55.0746271,38.7510504,55.0745338,38.7506804,55.0751559,38.7466815,55.0753565,38.7453921
55.0933729,38.7232158,55.0934635,38.7241028,55.0934812,38.7243785,55.0935233,38.724601,55.0935891,38.7248423,55.0936856,38.7250195,55.0938074,38.7252293,55.0942132,38.7258946,55.0943093,38.7261079
55.0776535,38.7524673,55.0775237,38.7524185,55.0773154,38.7524732,55.0771738,38.7526236,55.0770087,38.7528452,55.0769099,38.7529688,55.0768425,38.7530394,55.0766767,38.7531034,55.0765052,38.7532003
55.0812198,38.7906716,55.0811826,38.7908169,55.0810857,38.7911599,55.0810329,38.7913469,55.0807256,38.7924346,55.0806781,38.7926028,55.0805507,38.7930537,55.0804888,38.7930002,55.0802779,38.7937468
55.0812732,38.7892101,55.081504,38.7884075,55.0816231,38.7879933,55.081793,38.7874025,55.0819251,38.7869428,55.0820248,38.7865962,55.0822844,38.7856932,55.0824193,38.7852239,55.0825914,38.7846255
55.0762523,38.7998969,55.0762602,38.7996089,55.0762661,38.7991795,55.0762577,38.7988799,55.0762388,38.7986118,55.0761325,38.7978411,55.0761114,38.7976859,55.0759388,38.7964597,55.0758298,38.7956416
55.074901,38.8003093,55.0749486,38.800274,55.0752453,38.8000788,55.0752835,38.800062,55.0754544,38.799987,55.0751825,38.7980977,55.075572,38.7979267,55.0755927,38.7980706,55.0760796,38.7978614
55.0797877,38.794377,55.0798387,38.7944215,55.0800382,38.7945955,55.0804736,38.7949755,55.0814791,38.795853,55.0816315,38.7959829,55.0818934,38.7962058,55.0821175,38.7964046,55.0828331,38.7970395
55.0773659,38.7618545,55.0773556,38.7619324,55.0773318,38.7620144,55.0773031,38.7620972,55.0771459,38.7624167,55.0771057,38.7626033,55.077057,38.7628435,55.0769364,38.7629509,55.0768333,38.7636181
55.0918398,38.7573493,55.0921708,38.7576541,55.0923938,38.757838,55.0929076,38.7582869,55.0929548,38.758338,55.0929838,38.7583684,55.0930646,38.7584567,55.0933574,38.7588062,55.0935094,38.7589843
55.0919786,38.7502368,55.0918653,38.7505532,55.0911554,38.7527811,55.0910712,38.7531041,55.0909668,38.7534444,55.0908738,38.7538892,55.0907365,38.7542089,55.0905185,38.754931,55.090427,38.7553512
55.0949143,38.771967,55.0948634,38.7719865,55.0948115,38.7719705,55.0947702,38.7719259,55.0947374,38.7718466,55.0947259,38.7717563,55.0947347,38.7716673,55.0947624,38.7715901,55.0948054,38.7715366
55.0942909,38.7682634,55.0942317,38.7682031,55.0941533,38.7680774,55.0941313,38.7680463,55.0940934,38.767968,55.0940006,38.7679481,55.0939314,38.7679696,55.0938074,38.7680788,55.0937132,38.7681669
55.0935954,38.7691988,55.0935304,38.7688819,55.0934162,38.76871,55.0932732,38.7686069,55.0929936,38.7684766,55.0929214,38.768443,55.0927171,38.7683553,55.0926513,38.7683648,55.0919637,38.7679704
55.091894,38.7679948,55.0918216,38.7679895,55.0917441,38.7680092,55.091557,38.7679158,55.0908945,38.7676683,55.0906011,38.7674162,55.0905157,38.7673378,55.0904324,38.7672304,55.0898179,38.7668982
55.0944207,38.7708359,55.0943839,38.7708217,55.0943636,38.7707663,55.0943717,38.770702,55.094388,38.7706839,55.0944035,38.7706666,55.0944403,38.7706808,55.0944605,38.7707362,55.0944524,38.7708005
55.0820535,38.7721556,55.0821201,38.7719072,55.0823173,38.7720772,55.0823761,38.7721292,55.0825271,38.7722627,55.0828606,38.7725576,55.0828886,38.7726969,55.0827012,38.7733715,55.0826668,38.773492
55.1004617,38.7388582,55.1004313,38.7386305,55.1003074,38.7383354,55.0999636,38.7376856,55.0996689,38.7375541,55.0995444,38.7375232,55.0994786,38.7374495,55.0991991,38.7369465,55.0991242,38.736762
55.0990978,38.736697,55.0990414,38.7365891,55.0986637,38.735867,55.0982362,38.7349607,55.0979102,38.7341638,55.0978319,38.7339734,55.0976892,38.7340485,55.0976602,38.7340822,55.0975879,38.7341665
55.10078,38.7438521,55.0999805,38.7447345,55.0998945,38.744882,55.0998347,38.7449169,55.0997748,38.7449303,55.098804,38.7463127,55.0984059,38.7469903,55.0983246,38.7470707,55.098211,38.7471217
55.0825914,38.7846255,55.082912,38.7849048,55.0835758,38.7854832,55.0835854,38.7855437,55.0836059,38.785672,55.0838161,38.7858526,55.0840656,38.7860669,55.0843304,38.7862944,55.0846172,38.7865408
55.0974267,38.7652306,55.0980637,38.7662666,55.0980862,38.7663023,55.0981824,38.7661372,55.099041,38.7646126,55.0990943,38.764512,55.0991065,38.764489,55.1002587,38.7622805,55.1010248,38.7607487
55.0759571,38.7787081,55.0759955,38.7787427,55.0760427,38.7787852,55.0760682,38.7788082,55.0761321,38.7788656,55.0761947,38.778922,55.076821,38.7794855,55.0774621,38.7800625,55.0778861,38.7804441
55.0782743,38.7807934,55.0784857,38.7809837,55.0785294,38.781023,55.0788596,38.7813202,55.0788778,38.7813366,55.0790892,38.7815268,55.0797085,38.7820841,55.0803397,38.7826522,55.080608,38.7828937
55.0873807,38.7554649,55.0865887,38.7547687,55.0864889,38.754715,55.0863983,38.7547633,55.0856824,38.7552656,55.0850028,38.7558126,55.0848436,38.7560319,55.0846605,38.7561383,55.0845346,38.7560454
55.0951187,38.7520835,55.0947448,38.7530172,55.0947138,38.7531518,55.0946215,38.7538549,55.0946033,38.7539535,55.0945711,38.7540461,55.094361,38.7545135,55.0940067,38.7553602,55.093444,38.7546804
55.0824713,38.7616639,55.0825016,38.7616873,55.0826224,38.7616703,55.0828707,38.7618778,55.0831954,38.7621491,55.083276,38.7618554,55.0832837,38.7618264,55.0836679,38.7605074,55.0835525,38.7604063
55.0914033,38.7754888,55.0914182,38.7755592,55.0911171,38.7766366,55.0906102,38.7784506,55.0904591,38.7790506,55.0903863,38.7793396,55.0903456,38.7793964,55.090037,38.7790934,55.0897482,38.7788109
55.0791166,38.7685035,55.0794626,38.7672865,55.0794768,38.7672378,55.0799201,38.7657103,55.0800672,38.7652034,55.0801213,38.7650171,55.080386,38.7641051,55.0805049,38.7637124,55.0806668,38.7631777
55.0913397,38.7684691,55.0910651,38.7691681,55.0908571,38.7697288,55.090769,38.7699661,55.0906154,38.7703732,55.0904983,38.7707025,55.0904618,38.770809,55.0904044,38.7709826,55.0903816,38.7710498
55.0903427,38.7710847,55.0902867,38.7711348,55.0900728,38.7718407,55.0899878,38.7721407,55.0898998,38.7724497,55.0898857,38.7724993,55.0897388,38.7729971,55.0896935,38.7731505,55.0895792,38.7735379
55.0971781,38.7626088,55.0971337,38.7626199,55.097017,38.762649,55.0968068,38.763014,55.0967499,38.7630916,55.0965673,38.762818,55.0965427,38.7627831,55.0963172,38.7632098,55.0964292,38.7634297
55.0951388,38.7947417,55.0954784,38.7942322,55.0957515,38.7938789,55.0959252,38.7937033,55.0962255,38.7933756,55.0964387,38.7930818,55.096559,38.7928987,55.096696,38.7925652,55.0967438,38.7923502
55.0805561,38.7630045,55.0805316,38.7629914,55.0805599,38.7628927,55.0805499,38.7628259,55.0805058,38.7627332,55.0804449,38.7626496,55.0803487,38.7625709,55.0802505,38.7625292,55.0802095,38.7625232
55.0793605,38.765601,55.0792693,38.7655415,55.0792041,38.76551,55.0790239,38.7661354,55.0789707,38.7663182,55.0791246,38.7666588,55.0791144,38.7668446,55.0793002,38.7670702,55.0793594,38.7671323
55.0815276,38.756318,55.0821874,38.7540029,55.0823887,38.753272,55.0824729,38.7530835,55.0827137,38.7528123,55.0832943,38.7524058,55.0834965,38.7534191,55.0834939,38.7537042,55.0834539,38.7539043
55.0801697,38.7539592,55.0804594,38.7535538,55.0806172,38.753333,55.0807796,38.7531078,55.0810809,38.75269,55.0813679,38.7522922,55.0813824,38.7522728,55.081701,38.7518477,55.0820325,38.7514053
55.082581,38.7507252,55.0826515,38.7506718,55.0827088,38.7506285,55.0828246,38.7504637,55.082969,38.7502515,55.0831435,38.7499949,55.0832277,38.7498008,55.0835173,38.7494261,55.0836509,38.7492869
55.0838204,38.7489789,55.0838957,38.7488318,55.0838814,38.7487098,55.0837035,38.7484796,55.0835067,38.7483076,55.0833527,38.7482105,55.0830272,38.7480635,55.0827799,38.7479584,55.0825509,38.747861
55.0821254,38.7475864,55.081738,38.7473035,55.0815458,38.7471842,55.0813841,38.7473768,55.0811918,38.7476058,55.0810572,38.7477983,55.0807507,38.748237,55.0807266,38.7482715,55.0804709,38.7486237
55.0801788,38.749026,55.0801487,38.7490675,55.0798511,38.7494793,55.0795425,38.7499062,55.079515,38.7499441,55.0792285,38.750335,55.0791816,38.750399,55.0789294,38.7507467,55.0786199,38.7511733
55.09135,38.7513612,55.0912809,38.7512673,55.0912824,38.7510972,55.0912937,38.7509742,55.0913096,38.7508732,55.0913395,38.7507302,55.0913947,38.7504995,55.0914463,38.7502866,55.0914707,38.7501855
55.091482,38.7500883,55.0914876,38.7499903,55.0914818,38.7498233,55.0914642,38.7495926,55.091426,38.749146,55.0913617,38.7486354,55.0913529,38.748566,55.0912856,38.7479988,55.0911964,38.7476514
55.0925735,38.7485039,55.0923405,38.7481968,55.091719,38.7473699,55.0916375,38.7473213,55.0915487,38.7472197,55.0914337,38.7470882,55.0911925,38.7468345,55.0910929,38.7467086,55.0909921,38.7466972
55.0766278,38.7295723,55.0767288,38.7297867,55.0769481,38.7302603,55.0769885,38.7303495,55.0770228,38.7304572,55.0770898,38.7306063,55.0771538,38.7307633,55.0772079,38.7309067,55.0772881,38.7311308
55.0838137,38.7474001,55.0837965,38.7475153,55.0838338,38.747598,55.0840715,38.7478324,55.0842682,38.7480238,55.0843485,38.7480739,55.0844302,38.748104,55.0845349,38.7481315,55.0846481,38.7482518
55.0846897,38.7483895,55.0846926,38.7485098,55.084661,38.7486901,55.0846338,38.7488329,55.0845162,38.7492337,55.0844488,38.7494917,55.0844239,38.7496872,55.0844273,38.7499751,55.084478,38.7502539
55.087357,38.7457708,55.0870512,38.7456964,55.0869604,38.7456924,55.0868753,38.7457246,55.08675,38.7458069,55.0866787,38.745813,55.0866281,38.7457889,55.086504,38.7457085,55.0864109,38.7456543
55.0774643,38.724032,55.0771335,38.7233292,55.0768627,38.7227219,55.0759231,38.7206142,55.0757151,38.7201478,55.075692,38.720096,55.0755997,38.7198698,55.075474,38.7195617,55.0750016,38.7184893
55.0820727,38.7381934,55.081556,38.7409775,55.0813403,38.7420925,55.0813176,38.7425707,55.081317,38.7433155,55.0812481,38.7443325,55.0811875,38.7443262,55.0811169,38.7442961,55.0809494,38.7442202
55.080867,38.744168,55.0808426,38.7440874,55.0808308,38.743896,55.0808435,38.7432255,55.0808354,38.7431708,55.0807125,38.7429449,55.0806288,38.7428267,55.0804656,38.7425962,55.0801624,38.7421451
55.0826487,38.7359025,55.0827436,38.7360253,55.0829008,38.7362963,55.0830248,38.7365094,55.0831055,38.7365998,55.083182,38.7366106,55.083304,38.73656,55.0833826,38.7366756,55.0834984,38.7368743
55.0842069,38.74223,55.084116,38.742481,55.0838942,38.7430661,55.0834917,38.7441015,55.0831261,38.745041,55.0831261,38.7451314,55.0831589,38.745196,55.0834958,38.7456413,55.0838803,38.7460673
55.0785569,38.7305559,55.0783892,38.7304866,55.077854,38.7305725,55.0776834,38.7305754,55.0775198,38.7305413,55.0772925,38.730509,55.0772395,38.7304768,55.0770749,38.7302979,55.0767667,38.7296837
55.0764555,38.7290275,55.0764343,38.7289813,55.0757328,38.7272893,55.0756827,38.7271951,55.0756346,38.7269516,55.0755721,38.7267941,55.0755108,38.7266513,55.0754074,38.7264308,55.07531,38.726204
55.0840046,38.7421017,55.0839424,38.7421959,55.0836669,38.7426133,55.0836338,38.7426651,55.0833203,38.7431562,55.0832635,38.7432735,55.083008,38.7438016,55.0829819,38.7438614,55.0828115,38.7442519
55.0987758,38.7190791,55.0989014,38.7196194,55.098963,38.7198623,55.0989906,38.7199427,55.0990489,38.7199642,55.09915,38.7201076,55.0992285,38.7203317,55.0992853,38.7205543,55.0993774,38.7209191
55.0993973,38.7210988,55.0993913,38.7212797,55.0993817,38.7215721,55.0993427,38.7223531,55.0993303,38.7225183,55.0992843,38.7227168,55.0992033,38.7229776,55.0992837,38.7233009,55.0992748,38.7234493
55.0992297,38.7236671,55.0986849,38.7251362,55.0984845,38.7255502,55.0983324,38.7260489,55.098226,38.7261894,55.0981952,38.7264305,55.0981281,38.726591,55.0980042,38.7266919,55.0979465,38.7268086
55.0965515,38.7506325,55.0965084,38.7507903,55.0964979,38.7514049,55.0965294,38.7516214,55.0964916,38.7519461,55.0964927,38.7521827,55.0963468,38.7526267,55.0962502,38.7532101,55.0961838,38.7534919
55.0928851,38.7329688,55.0930473,38.7336805,55.0931482,38.7341006,55.0931656,38.734173,55.0932547,38.734402,55.0935148,38.7350313,55.09357,38.7351499,55.093927,38.735916,55.0939588,38.7359843
55.0957691,38.7295077,55.0957906,38.7294582,55.0958036,38.7292313,55.0958096,38.7289921,55.0958359,38.7288946,55.0958581,38.7287031,55.095859,38.7284794,55.0958374,38.7283327,55.0958104,38.7282103
55.0973225,38.7260873,55.0973652,38.7249582,55.0975083,38.7227106,55.0974959,38.7226411,55.0974559,38.7226118,55.0970552,38.7225836,55.0969116,38.7226324,55.0968625,38.7225512,55.0968104,38.722488
55.089195,38.7264791,55.0895074,38.7265099,55.0897607,38.7265252,55.090192,38.7265424,55.090481,38.7265582,55.0908128,38.7264725,55.0909724,38.7263567,55.0910227,38.7262089,55.0910321,38.7260313
55.09519,38.7318783,55.09514,38.7316408,55.0950501,38.7313555,55.094856,38.7307543,55.0947526,38.7304883,55.0942673,38.7289363,55.0941915,38.7287627,55.094124,38.7285568,55.0939908,38.7281452
55.0979133,38.7431564,55.098,38.7432977,55.0981526,38.7436319,55.0982893,38.743836,55.0984581,38.7439862,55.0986024,38.7440184,55.0987374,38.7439808,55.0988832,38.7438628,55.0990152,38.7436804
55.0798406,38.7684436,55.0797835,38.7683929,55.0797386,38.7685253,55.0796325,38.7687137,55.0795575,38.7689021,55.0795218,38.768994,55.0798501,38.7692597,55.0798253,38.7695516,55.079833,38.7697077
55.0798195,38.7699701,55.0798294,38.7704245,55.0798523,38.7707461,55.0801962,38.7721904,55.0806127,38.7741332,55.0809643,38.772871,55.0814291,38.7712152,55.081483,38.7710121,55.081539,38.7708555
55.0874501,38.765708,55.08662,38.7653087,55.0865893,38.7653408,55.0865237,38.7653523,55.0863824,38.7652805,55.0860313,38.7651077,55.0856969,38.7649667,55.085526,38.7648776,55.0853552,38.7647885
55.0868717,38.7845016,55.0867676,38.7842949,55.0866497,38.7841955,55.0864525,38.7843159,55.0863622,38.7842383,55.0863341,38.7842142,55.0857625,38.7837234,55.0846994,38.7827984,55.0846323,38.7827211
55.0866894,38.7811692,55.0866669,38.7814585,55.0865339,38.7816352,55.0864439,38.7816138,55.0863684,38.7815959,55.0862989,38.7814364,55.0862672,38.7813636,55.0862897,38.7810744,55.0864233,38.7808926
55.092827,38.7931835,55.0929716,38.7929597,55.0930388,38.7929404,55.0931733,38.793,55.0932572,38.7930305,55.093318,38.7930048,55.0933797,38.7930048,55.0934562,38.7930853,55.0935148,38.793204
55.0824348,38.7571399,55.0827627,38.7559189,55.0830877,38.7548262,55.0832452,38.7542995,55.0832952,38.7541693,55.083336,38.7540628,55.0834539,38.7539043,55.084312,38.7533441,55.08512,38.7528608
55.0813716,38.7812508,55.0813877,38.7812657,55.0814866,38.7813569,55.0815566,38.7814215,55.0816068,38.7814678,55.0817991,38.7816452,55.0819144,38.7812635,55.0818253,38.7811813,55.081525,38.7809043
55.0844037,38.762887,55.084409,38.7628705,55.0845183,38.762873,55.0851379,38.7632155,55.0856251,38.7634611,55.0859182,38.7636169,55.085842,38.7640726,55.0858159,38.7642247,55.0857815,38.7644344
55.0926273,38.7583352,55.0928657,38.7585454,55.0933164,38.7590778,55.0933867,38.75909,55.0936415,38.7594856,55.0936738,38.7595964,55.0937365,38.7597073,55.0938567,38.7599197,55.0943258,38.760655
55.0945101,38.7609524,55.0951096,38.7618838,55.0951588,38.7619633,55.0952914,38.7621749,55.0953347,38.762242,55.0954478,38.7624263,55.0954707,38.7625087,55.0954918,38.7625651,55.095547,38.7626562
55.0942658,38.7613545,55.0942922,38.7612781,55.0943264,38.7612089,55.0943813,38.7611775,55.0945101,38.7609524,55.0945682,38.7608462,55.0946155,38.760754,55.0951722,38.7596894,55.0954963,38.7590891
55.0933351,38.7680577,55.0934845,38.7673336,55.0935937,38.7670379,55.0936406,38.7669115,55.0936976,38.7667695,55.0937898,38.7665844,55.0941898,38.7657897,55.0942786,38.7656134,55.0944403,38.765862
55.095171,38.7623975,55.0950797,38.7625662,55.0950434,38.7626333,55.0948936,38.7629103,55.0947781,38.7631239,55.094656,38.7633495,55.094542,38.7635602,55.0943885,38.763844,55.0941026,38.7643724
55.0835521,38.7667899,55.0836384,38.7668697,55.0838092,38.7670277,55.0838213,38.7670389,55.08384,38.7670561,55.0840479,38.76726,55.0842552,38.7674954,55.0844066,38.7677204,55.0844583,38.7678675
55.096254,38.7842161,55.0965026,38.7845436,55.0969078,38.7851736,55.0971922,38.7855805,55.0975168,38.7859914,55.0978504,38.7862614,55.0981948,38.7862907,55.0982167,38.7865602,55.0982268,38.7867703
55.0983708,38.7869418,55.098583,38.7870387,55.0988268,38.7870608,55.0990816,38.7870165,55.0995896,38.7870525,55.0999165,38.7869116,55.1002567,38.7867434,55.1004448,38.7864695,55.1016425,38.7856125
55.0981569,38.7939506,55.0983297,38.7929833,55.0984107,38.7926999,55.099641,38.7907714,55.1012203,38.7888922,55.1019746,38.7880913,55.1025386,38.7874505,55.1029545,38.7869391,55.1031096,38.7865941
55.0931153,38.7935246,55.0932096,38.7935005,55.0933222,38.7934346,55.0935148,38.793204,55.093823,38.7927735,55.0939434,38.7925768,55.0944557,38.791795,55.0946941,38.7914131,55.0950551,38.7908099
55.0954767,38.7901002,55.0958453,38.7894608,55.0961595,38.7888844,55.0967563,38.7876803,55.0970463,38.7869783,55.0970923,38.786794,55.0969257,38.7864006,55.0967408,38.7855725,55.0965303,38.7850986
55.0820056,38.7689085,55.0820825,38.7689738,55.0821793,38.7690777,55.0822401,38.7691384,55.082327,38.7692124,55.0824266,38.7693186,55.0825198,38.7694124,55.0826254,38.7694994,55.0829037,38.7697564
55.0829714,38.7698188,55.0835255,38.7704503,55.0839014,38.7711396,55.0841781,38.7716922,55.0843082,38.771976,55.0844352,38.7723122,55.0846152,38.7727977,55.0850501,38.7735759,55.0852158,38.7738532
55.0793473,38.7708226,55.0793897,38.7710043,55.0792397,38.7714803,55.0790204,38.772172,55.0788665,38.772708,55.0786607,38.7734036,55.0785571,38.7737583,55.0784575,38.7740991,55.0783082,38.7746104
55.0741135,38.7608248,55.0741677,38.7607487,55.074246,38.7607041,55.0742746,38.7607153,55.0745979,38.7608419,55.0751919,38.7610944,55.0756941,38.7613061,55.0770129,38.7618702,55.0772516,38.7619718
55.078827,38.7616405,55.0800342,38.7618889,55.0802837,38.7619913,55.0808487,38.762217,55.080945,38.7622629,55.0810419,38.7622997,55.0825361,38.7628135,55.082614,38.762818,55.0826524,38.7628202
55.0832255,38.7629734,55.0832952,38.7630029,55.083616,38.7631244,55.0838258,38.7632086,55.0839384,38.7632523,55.084047,38.7633013,55.0843004,38.7634155,55.085049,38.763761,55.0851279,38.7638312
55.0772005,38.7574483,55.0771565,38.7571301,55.0770908,38.7568748,55.0770071,38.7567773,55.0769496,38.7566195,55.0769004,38.7561463,55.0768938,38.7557821,55.0769464,38.7556272,55.0771016,38.7555548
55.0748793,38.7543885,55.0747129,38.7544702,55.0746117,38.7545282,55.074493,38.7545365,55.0744155,38.7543679,55.0743823,38.7542436,55.0743823,38.7541413,55.0744123,38.7539092,55.0744044,38.7537199
55.0747129,38.7544702,55.0746359,38.7544122,55.0745687,38.7543027,55.0745441,38.754164,55.0745106,38.7539803,55.0745095,38.7537517,55.0744647,38.7533531,55.0744367,38.7531538,55.0743875,38.7529584
55.0761751,38.7575599,55.0760966,38.757597,55.0760384,38.7576809,55.0747289,38.757055,55.0747555,38.7567092,55.0747811,38.7563759,55.0748092,38.7560112,55.0748378,38.7556384,55.0748658,38.7552748
55.0748859,38.7550129,55.0749349,38.7549403,55.0753938,38.7551629,55.0754548,38.755421,55.075489,38.7555629,55.0756106,38.7559661,55.0757495,38.7564263,55.0758475,38.7567511,55.0758895,38.7569208
55.0895515,38.8004191,55.0896203,38.8003653,55.0897364,38.8001209,55.089964,38.7997482,55.0898799,38.7995964,55.0897281,38.7993868,55.0896816,38.7991557,55.0896816,38.7989161,55.0897795,38.7985225
55.0867223,38.7975969,55.0864286,38.7973785,55.0863848,38.7974003,55.0861307,38.7983176,55.086089,38.7989109,55.0859057,38.799537,55.0857682,38.799759,55.0855057,38.8006034,55.0853994,38.8010257
55.0817491,38.7705913,55.0818741,38.7701532,55.0821022,38.7693492,55.0821599,38.7691547,55.0821793,38.7690777,55.0822379,38.7688842,55.0822888,38.7687074,55.082475,38.7680553,55.0825429,38.7678069
55.0817791,38.7764891,55.0819365,38.7766695,55.0819955,38.776933,55.0820267,38.7773339,55.081807,38.7781473,55.0816857,38.7782389,55.0816185,38.7782418,55.0815447,38.7781902,55.0814578,38.777921
55.0807693,38.7768164,55.0805995,38.7767359,55.0805677,38.7766888,55.080528,38.7765252,55.0805074,38.7763893,55.0805137,38.7762561,55.0806677,38.7757042,55.0807027,38.7756377,55.0808106,38.7755766
55.0910502,38.7567645,55.0910622,38.7566563,55.0910905,38.7564001,55.0911831,38.7560589,55.0913466,38.7555322,55.0916028,38.7557657,55.0916516,38.7558102,55.0917043,38.7556336,55.0917606,38.755445
55.0920765,38.7755545,55.0919969,38.775472,55.0920073,38.7754155,55.0919706,38.7753854,55.0919484,38.7753672,55.09185,38.7752864,55.0917809,38.7752269,55.091651,38.7751205,55.0915561,38.7752757
55.0918333,38.7926017,55.0922013,38.7929618,55.0929117,38.794209,55.0931036,38.7945344,55.0935998,38.7951627,55.0944921,38.7962745,55.0953506,38.7973965,55.0954647,38.797546,55.0957335,38.7978444
55.076246,38.7861813,55.0762164,38.7862769,55.0761991,38.7863329,55.0761612,38.7863886,55.0760887,38.7863469,55.0757874,38.7860866,55.0757237,38.7860056,55.0757239,38.7858969,55.0757369,38.7858409
55.0898775,38.7625818,55.0902115,38.7627667,55.0906485,38.7629571,55.0909312,38.7631681,55.091019,38.7632337,55.0914321,38.7636899,55.0921989,38.76497,55.0923,38.7651388,55.0926487,38.7656452
55.092791,38.7658519,55.0928225,38.7658776,55.0928614,38.76588,55.0929096,38.7658542,55.0929559,38.7657401,55.0930062,38.765641,55.0932859,38.7650895,55.0933365,38.7650605,55.0933713,38.7650171
55.0933808,38.7649955,55.093407,38.7649359,55.0934272,38.7648353,55.0936963,38.7643636,55.0937786,38.764209,55.0938302,38.7641122,55.0942315,38.7633593,55.0944439,38.7629607,55.0945344,38.762791
55.0906256,38.7666808,55.0907027,38.766681,55.0907173,38.7666808,55.0909836,38.7668254,55.0910788,38.7669151,55.0917255,38.7672236,55.091694,38.7674324,55.0916761,38.7675327,55.0916611,38.7676053
55.0922125,38.7669797,55.0922859,38.7669303,55.0923586,38.7668763,55.0924534,38.7667126,55.0924684,38.7666611,55.0924843,38.7666066,55.0924967,38.7664154,55.0925474,38.766242,55.0926135,38.7660879
55.0958652,38.7656303,55.0959215,38.7655265,55.0961146,38.7651756,55.0960981,38.7651461,55.0960839,38.7651173,55.0960789,38.7650811,55.0960812,38.7650301,55.0960896,38.7649995,55.0964605,38.7643236
55.0757023,38.7784839,55.0757393,38.7783545,55.0757954,38.7781586,55.0757985,38.7781477,55.0758937,38.777849,55.076004,38.7775033,55.0762999,38.776518,55.0763464,38.7763583,55.0764188,38.7761097
55.0959158,38.7707569,55.095866,38.770682,55.0958181,38.7698621,55.0958078,38.7696867,55.0957302,38.7697047,55.0956766,38.7696809,55.0956469,38.7696376,55.0956209,38.7695836,55.0955893,38.7694522
55.0823355,38.7486466,55.0820401,38.7490629,55.0820127,38.7491015,55.0817214,38.7494861,55.0814161,38.7498891,55.0811128,38.750302,55.0808031,38.7507235,55.0805675,38.7510444,55.0804986,38.7511339
55.0801782,38.7515505,55.0801398,38.7516003,55.0798676,38.7519638,55.0795595,38.7523753,55.0792813,38.7527469,55.0792464,38.7527967,55.0789626,38.7532011,55.0789034,38.7532855,55.0787094,38.753549
55.0800152,38.7489056,55.0796343,38.7494217,55.0795772,38.7494968,55.0791064,38.7501148,55.0786563,38.7507228,55.0782478,38.7512746,55.0782006,38.7513402,55.0777262,38.7519994,55.0775182,38.7522574
55.0803724,38.7549977,55.0804658,38.7547885,55.080516,38.7545814,55.0805723,38.7544245,55.080728,38.7542028,55.0811327,38.7536025,55.0809902,38.7534205,55.0807796,38.7531078,55.0805319,38.7528167
55.0776707,38.7388421,55.077775,38.7387435,55.0778755,38.7385411,55.0778813,38.7383589,55.0778407,38.7382071,55.0778175,38.7380182,55.077831,38.7376708,55.0778001,38.7373132,55.0777693,38.7371007
55.0823759,38.7299708,55.0824713,38.7302953,55.0825354,38.7307112,55.0825642,38.7310379,55.0825734,38.7310768,55.0826544,38.7311567,55.0829095,38.7312916,55.0829605,38.7316297,55.0830926,38.7325917
55.0798819,38.7421858,55.0799634,38.7422648,55.0800069,38.7423407,55.0800123,38.7424562,55.0800503,38.7430777,55.0800739,38.7434873,55.0800983,38.7441609,55.0801327,38.7442479,55.0802585,38.7442289
55.0782655,38.735635,55.0783244,38.7356047,55.0783795,38.7355861,55.0784471,38.7356097,55.0785059,38.7356839,55.0785562,38.7357767,55.0786035,38.735888,55.078644,38.7360331,55.0786864,38.7361117
55.0790614,38.7402068,55.0789948,38.739934,55.0789487,38.7393257,55.0789154,38.7389097,55.0788271,38.7380845,55.0788147,38.7376947,55.0797045,38.7377082,55.0800745,38.7376992,55.080312,38.737734
55.0874972,38.74444,55.0875876,38.7442286,55.0877039,38.743931,55.0877802,38.7437258,55.0879024,38.7434959,55.0880081,38.7433564,55.0881068,38.7430588,55.0881526,38.7427735,55.0882184,38.7426073
55.0883299,38.7423158,55.0884145,38.7420983,55.0884204,38.7419854,55.0884122,38.74185,55.0883699,38.7417309,55.088357,38.7415955,55.0883945,38.7413923,55.0883734,38.7412794,55.0883137,38.7412008
55.0882651,38.7625563,55.0881148,38.7635475,55.0881055,38.7636088,55.0880624,38.7638932,55.0879049,38.7649314,55.0878558,38.7652547,55.0878221,38.7654774,55.087793,38.7656688,55.0877867,38.7657102
55.0919542,38.7668703,55.0919331,38.766854,55.0920795,38.7663472,55.0922441,38.7657663,55.0923382,38.7654544,55.0915847,38.7642671,55.0914763,38.7640963,55.0909394,38.7635045,55.090656,38.7633571
55.099177,38.7760054,55.0989487,38.7756702,55.0986454,38.7751706,55.0986226,38.7751357,55.0982983,38.7746407,55.0971174,38.7727431,55.0967428,38.7721362,55.0966223,38.771941,55.0959468,38.7709034
55.0879944,38.7760443,55.0881266,38.7756346,55.0881851,38.7754531,55.0883221,38.7750076,55.0884161,38.7747022,55.0885107,38.7743944,55.0885908,38.774134,55.0889483,38.772972,55.0895792,38.7735379
55.084047,38.7782282,55.0836663,38.7779177,55.0828844,38.7772067,55.0827666,38.7771008,55.0823764,38.7767626,55.0823388,38.7767092,55.0822315,38.7765342,55.0816316,38.7760457,55.0815701,38.7759995
55.0951978,38.7566463,55.0953197,38.7565639,55.0954282,38.756397,55.0955297,38.7560509,55.0955667,38.7558007,55.0956084,38.7556005,55.095674,38.7552106,55.0957361,38.7548915,55.0958244,38.7545683
55.0869396,38.7352384,55.0871673,38.7348683,55.0872225,38.7347819,55.0873667,38.7345558,55.0877948,38.7338852,55.0882232,38.7332573,55.0882881,38.7331622,55.0885248,38.7328187,55.0888519,38.732344
55.0898039,38.7382759,55.0900318,38.737966,55.0907499,38.7371355,55.09092,38.7369386,55.0913857,38.736348,55.0916758,38.7360003,55.0920725,38.7355249,55.0922744,38.7352818,55.0923556,38.735184
55.0936992,38.7478542,55.0932852,38.7473187,55.0932721,38.7473042,55.0931824,38.7472048,55.0930438,38.7470348,55.0925623,38.7464433,55.0920968,38.7458699,55.0918683,38.7455882,55.0914363,38.745056
55.0884328,38.7357856,55.0885491,38.7357742,55.0888672,38.7357342,55.0890391,38.7357336,55.0891839,38.7357331,55.0894503,38.7357321,55.0896031,38.7357186,55.089827,38.7357564,55.0901065,38.7357699
55.0904076,38.7356296,55.0904813,38.7355764,55.0907396,38.7353899,55.0908075,38.7353409,55.0909465,38.7352168,55.091056,38.7350344,55.0911101,38.7349443,55.091297,38.7346556,55.0913359,38.7345589
55.0914143,38.7343642,55.0915347,38.7340701,55.0915394,38.7339406,55.0917849,38.7333725,55.0917991,38.7330114,55.0919221,38.7320878,55.0919687,38.7317771,55.092067,38.731121,55.0920667,38.7309902
55.099118,38.7268529,55.0988234,38.727008,55.0986742,38.7270834,55.0986064,38.7271546,55.0984744,38.7275317,55.0982316,38.7281053,55.0980519,38.7286545,55.0980357,38.728865,55.0980699,38.7291479
55.0980279,38.729507,55.0978413,38.7296299,55.0977791,38.7299372,55.0976871,38.7306226,55.0976844,38.7310764,55.0977385,38.7314593,55.0978278,38.7318658,55.0979197,38.732225,55.0980252,38.7327781
55.0980901,38.7329766,55.0982118,38.7330995,55.0982849,38.7334588,55.0983362,38.7336762,55.0984377,38.7339196,55.0985134,38.7340756,55.0986581,38.7343569,55.0988298,38.7346878,55.0989637,38.734917
55.0903006,38.7489001,55.0901409,38.7495474,55.0897356,38.7495299,55.0895886,38.7495236,55.0895343,38.7495118,55.0894442,38.7494078,55.0893813,38.7493069,55.0893609,38.7492059,55.0893575,38.7491495
55.0862963,38.7717832,55.086372,38.7715227,55.0865528,38.7709095,55.086647,38.7705746,55.0868316,38.7699188,55.087029,38.7692627,55.0873437,38.7681961,55.0875952,38.7670752,55.0877625,38.7658699
55.0984689,38.7989682,55.0988364,38.7986348,55.099069,38.798521,55.0996505,38.79796,55.1004228,38.7973176,55.1011159,38.7965045,55.101609,38.7958947,55.1029673,38.7942441,55.1035069,38.7935611
55.0799958,38.765775,55.0801712,38.765925,55.0804214,38.7661879,55.0806842,38.7664967,55.0807665,38.7666257,55.0810517,38.7668806,55.0810698,38.7669752,55.0811274,38.767276,55.0811602,38.7673822
55.0920589,38.7576671,55.0921417,38.7577483,55.0926695,38.7581967,55.0928417,38.7583466,55.0929275,38.7584277,55.0931284,38.7586473,55.0933255,38.7588861,55.0933592,38.7589347,55.0935286,38.7591786
55.0937306,38.7595018,55.0937898,38.7595938,55.0944057,38.7605875,55.0945682,38.7608462,55.0946006,38.7608948,55.0947264,38.7610864,55.0952177,38.7618584,55.0954973,38.7623173,55.0955671,38.7624334
55.0883297,38.7616733,55.0884267,38.7613432,55.0886729,38.7605188,55.0891544,38.7589863,55.0892138,38.7587856,55.0893657,38.7582764,55.0894171,38.7581041,55.0895414,38.757687,55.089614,38.7574436
55.077573,38.7472107,55.0776013,38.7470553,55.0776523,38.7468251,55.0777581,38.746103,55.0777999,38.745559,55.0779134,38.7449796,55.0779777,38.7447339,55.0778158,38.7446114,55.0773971,38.7443499
55.074881,38.7435387,55.0751271,38.7430745,55.0752663,38.7429374,55.0754179,38.7427972,55.0755249,38.7427878,55.0757069,38.7428252,55.0759958,38.742847,55.0761207,38.7429187,55.0762705,38.7431088
55.0824204,38.7994407,55.0824115,38.7995103,55.082401,38.799587,55.0818669,38.8014017,55.0821495,38.8016369,55.0822556,38.80172,55.0822997,38.8019616,55.0826846,38.8021028,55.082743,38.8020864
55.0844663,38.8009516,55.0847514,38.8000067,55.0848785,38.7995127,55.0849179,38.7993592,55.0852161,38.7982613,55.0853692,38.7977221,55.085416,38.7975571,55.0858285,38.7961976,55.0860777,38.7953389
55.085728,38.7463719,55.0856175,38.7464758,55.0855435,38.7465361,55.0853787,38.7472696,55.085303,38.7473754,55.0851856,38.747478,55.0850474,38.7478551,55.0849906,38.7480039,55.0848713,38.7480966
55.0778294,38.7571303,55.0779493,38.7569839,55.0781796,38.7566181,55.0782619,38.756524,55.0784057,38.7563893,55.0785659,38.7562393,55.078859,38.7561353,55.0793839,38.7561791,55.0794011,38.7564008
55.0786484,38.7608198,55.0785927,38.7610166,55.0783393,38.7608021,55.0778583,38.760387,55.0777708,38.7606924,55.0776052,38.760537,55.0775577,38.7605397,55.0774012,38.7610827,55.0773861,38.7611351
55.0780818,38.7545287,55.0783132,38.7544222,55.0785456,38.754403,55.0786337,38.7542829,55.0786172,38.7541147,55.0785071,38.7539537,55.0783847,38.7538384,55.0782142,38.7538,55.0781537,38.7537519
55.0878907,38.7788062,55.087879,38.7787958,55.0876973,38.778635,55.0875535,38.7785076,55.0874123,38.7783826,55.0873532,38.7783302,55.087346,38.7783239,55.087308,38.7782902,55.0872982,38.7782815
55.0854163,38.7586131,55.0854112,38.7582046,55.0856231,38.757306,55.0860852,38.755753,55.0862801,38.755222,55.0864889,38.754715,55.0865089,38.754479,55.0868098,38.7534088,55.086888,38.7532666
55.0967985,38.7921392,55.0967282,38.7915477,55.096667,38.7911648,55.0966734,38.7909621,55.0967621,38.790703,55.0968088,38.7904778,55.0967701,38.7902047,55.096543,38.7897739,55.0963593,38.789498
55.0782346,38.725657,55.0781665,38.7259363,55.0781928,38.7262273,55.0784014,38.7270511,55.0785662,38.7275166,55.0787257,38.72812,55.0788117,38.7284508,55.0788818,38.728509,55.0790483,38.7284385
55.0754691,38.7200089,55.0752324,38.7202616,55.0751256,38.7204187,55.0750326,38.7204772,55.0749632,38.720514,55.0749,38.7206266,55.074802,38.7208063,55.0746681,38.7210381,55.0744945,38.7212763
55.080828,38.7709612,55.0808395,38.7709206,55.0808577,38.7708641,55.080872,38.7708326,55.0808921,38.770813,55.0809149,38.7708084,55.0809487,38.7708199,55.0812722,38.7710822,55.0813839,38.7711769
55.0887702,38.7477582,55.0889366,38.7482907,55.0890717,38.748287,55.0891649,38.748223,55.0892089,38.7480784,55.0892686,38.7478113,55.0893513,38.7473173,55.0893303,38.7472277,55.0891712,38.74731
55.0813093,38.7559206,55.081026,38.7556843,55.0809453,38.7555861,55.0808322,38.7555791,55.0806559,38.7555062,55.080555,38.755431,55.0804284,38.7552546,55.0801902,38.75513,55.0801148,38.7551135
55.0946641,38.7632017,55.0946851,38.7631729,55.0946982,38.7631323,55.0946998,38.7631093,55.0947014,38.763086,55.0946943,38.763041,55.0946778,38.7630043,55.0946264,38.7629277,55.0945344,38.762791
55.0942949,38.7614157,55.0942658,38.7613545,55.0941428,38.7610964,55.0940681,38.7609769,55.0939052,38.7608369,55.0938536,38.7605928,55.0938115,38.760473,55.0937394,38.7604,55.0936656,38.760295
55.0835872,38.7652532,55.0832291,38.7665074,55.0829108,38.7676224,55.0828658,38.76778,55.0828034,38.7679988,55.0827257,38.768271,55.0824266,38.7693186,55.0823338,38.7696435,55.0820247,38.7707262
55.0794151,38.7694299,55.0794187,38.7694019,55.0794158,38.7693735,55.079407,38.7693493,55.0793935,38.7693328,55.0793774,38.7693265,55.0793612,38.7693315,55.0793473,38.769347,55.0793378,38.7693706
55.0848861,38.7735753,55.0842736,38.7730185,55.0837821,38.7725929,55.0835727,38.7724116,55.083345,38.7722168,55.0825527,38.7715272,55.0823603,38.7713603,55.0819522,38.7710037,55.0818448,38.7709112
55.0816942,38.7707751,55.0815969,38.7706888,55.0813814,38.7704999,55.0798563,38.769162,55.0795575,38.7689021,55.0794461,38.7688052,55.0792001,38.7685825,55.0791166,38.7685035,55.0790645,38.7684585
55.0918743,38.7661861,55.0920353,38.7656147,55.0920584,38.7655444,55.0916672,38.764893,55.0914405,38.7645155,55.0913465,38.7643589,55.0908178,38.7638286,55.0906095,38.7636985,55.0904773,38.7636393
55.0779189,38.7601561,55.0779369,38.7600875,55.0780018,38.759695,55.0784467,38.7590234,55.0785125,38.7589258,55.0787419,38.7584198,55.0788359,38.7581681,55.0788926,38.7580161,55.0789414,38.7579028
55.090149,38.7629676,55.0898356,38.7627875,55.0897488,38.7627463,55.0893561,38.7625372,55.0889472,38.7623323,55.0887148,38.7622221,55.0885385,38.7621386,55.0883847,38.7620657,55.0882526,38.7620085
55.0840206,38.7856943,55.0838938,38.7855825,55.0836391,38.785358,55.082956,38.7847527,55.0826369,38.7844699,55.0825164,38.7843704,55.0823987,38.7842649,55.0822045,38.7840896,55.0821906,38.7840772
55.0818144,38.7837497,55.0812745,38.7832739,55.0807775,38.7828369,55.0806595,38.7827305,55.0803855,38.7824893,55.0800353,38.7821817,55.0795031,38.7817142,55.0789003,38.7811813,55.0785682,38.7808887
55.0785266,38.780856,55.078312,38.7806639,55.0779231,38.7803158,55.0775253,38.7799643,55.0768541,38.7793714,55.0762316,38.7788017,55.0761693,38.7787404,55.0761066,38.7786812,55.0760816,38.7786567
55.0857222,38.7712126,55.0856429,38.7714916,55.0855699,38.7717482,55.0854949,38.7720119,55.0854305,38.7722384,55.0853574,38.7724952,55.0852904,38.7727307,55.0852155,38.7729942,55.085133,38.7732843
55.0829137,38.7660046,55.0828028,38.7664008,55.0826551,38.7669285,55.0824457,38.7676765,55.0824343,38.7677172,55.0823593,38.767985,55.0821348,38.7687871,55.0820825,38.7689738,55.0820608,38.7690512
55.0742655,38.7597829,55.0741907,38.7598814,55.0741445,38.7599749,55.0741282,38.7600207,55.074068,38.7600333,55.073903,38.7599744,55.0736777,38.7598944,55.0734573,38.7598376,55.0731188,38.7598208
55.076897,38.759914,55.0768728,38.7598498,55.0768099,38.7592183,55.0767003,38.7583453,55.0765017,38.7573055,55.076453,38.7570473,55.0763268,38.7559058,55.0761842,38.7547288,55.076027,38.7534598
55.0844472,38.7983177,55.0843943,38.7980409,55.0841153,38.7977083,55.0836681,38.797952,55.0835197,38.7984587,55.083639,38.7990993,55.0839603,38.7993445,55.0843699,38.7991047,55.0845006,38.798625
55.0921417,38.7577483,55.0921708,38.7576541,55.0922844,38.7572873,55.0923694,38.7570124,55.0926598,38.7560742,55.0928016,38.755616,55.0928393,38.7554941,55.0929563,38.7551162,55.091771,38.7538508
55.0792461,38.8007816,55.0791831,38.800777,55.0787414,38.8007455,55.0787056,38.8004618,55.078581,38.7994757,55.0789128,38.7983268,55.0791074,38.7976498,55.079408,38.7966034,55.0794339,38.7963204
55.088865,38.7385707,55.0892155,38.7392066,55.0902272,38.7409589,55.0904381,38.7413242,55.0914328,38.7427444,55.0919815,38.7434807,55.0925103,38.7442344,55.0934234,38.7454532,55.0936015,38.7456705
55.0733615,38.7394025,55.0733781,38.7395274,55.0733965,38.7396964,55.0734195,38.7399311,55.0734725,38.7403039,55.0735032,38.7405963,55.0735108,38.7406577,55.0735493,38.7407934,55.0736176,38.7408431
55.0736768,38.740831,55.0738111,38.7407385,55.0743177,38.7403143,55.074592,38.7400411,55.0748515,38.7397514,55.075088,38.7394564,55.0751632,38.739333,55.0752246,38.7391667,55.0752507,38.7390084
55.0962051,38.7682039,55.0961936,38.768118,55.0961936,38.7679705,55.0962404,38.7676258,55.0962382,38.7675608,55.0962174,38.7674864,55.0960094,38.7671202,55.0961302,38.766872,55.0962182,38.7666911
55.0933129,38.7158643,55.0933914,38.716084,55.0934555,38.7165818,55.0934492,38.7170726,55.0934702,38.7173199,55.0935921,38.7177188,55.0938062,38.718215,55.0943606,38.7192452,55.0947676,38.7202301
55.0964013,38.7447599,55.096393,38.7447358,55.0963786,38.7447234,55.0963627,38.7447265,55.0963502,38.7447443,55.0963452,38.744771,55.0963493,38.7447982,55.0963611,38.7448172,55.096377,38.744822
55.096182,38.7458289,55.0961238,38.7458346,55.0960149,38.7456859,55.096028,38.7455865,55.0958682,38.7453797,55.0954789,38.7446976,55.0954566,38.7446587,55.0954293,38.7447018,55.0951549,38.7442435
55.0979957,38.7424927,55.0980512,38.7425126,55.0981292,38.7425796,55.098274,38.742744,55.0986282,38.7433481,55.09864,38.7433666,55.0986541,38.7433723,55.0986699,38.7433741,55.0987385,38.7433726
55.0959014,38.7440042,55.0959022,38.7437068,55.0959099,38.7436727,55.0959262,38.7436563,55.0961583,38.7436581,55.0962683,38.7436589,55.0962865,38.7436711,55.0962944,38.7437101,55.0962937,38.7440014
55.0954961,38.7446723,55.0955579,38.7445843,55.0957858,38.7443458,55.0961203,38.7449068,55.0963218,38.7452446,55.0963484,38.7452786,55.0963863,38.7452888,55.0966789,38.7452883,55.0967307,38.7452941
55.0957787,38.7454244,55.0960089,38.7457491,55.0960891,38.7458589,55.0961394,38.7459678,55.0961751,38.746113,55.0961994,38.7461941,55.0962381,38.7462661,55.0964833,38.7466199,55.0965709,38.7467134
55.0942601,38.7452811,55.0942759,38.7452495,55.0942605,38.7452012,55.0942667,38.7451422,55.0947565,38.7444031,55.0947839,38.7443617,55.0949543,38.7441552,55.0950203,38.7441927,55.0951015,38.7443392
55.0934702,38.7173199,55.0935405,38.7174793,55.0938303,38.7181141,55.0941311,38.7186887,55.0943235,38.7190561,55.0944157,38.7192598,55.0947901,38.7200861,55.0949695,38.7205281,55.0952448,38.7212062
